{
  "scenario": "vllm_no_turbo",
  "port": 8000,
  "phases": {
    "cold": {
      "phase": "Cold Start",
      "phase_type": "cold",
      "runs": 5,
      "errors": 0,
      "latency_ms": {
        "mean": 10937.548263987992,
        "median": 10937.383045966271,
        "stdev": 0.45588845077708934,
        "min": 10937.111581966747,
        "max": 10938.112767995335,
        "p95": 10938.112767995335,
        "raw": [
          10937.183566042222,
          10937.950357969385,
          10937.383045966271,
          10938.112767995335,
          10937.111581966747
        ]
      },
      "throughput": {
        "mean": 23.40561103612953,
        "median": 23.40596456429432,
        "max": 23.406545510799777
      },
      "gpu_memory_mib": {
        "before": 20278.0,
        "after": 20278.0
      }
    },
    "cached": {
      "phase": "Cache Hit (same prompt)",
      "phase_type": "cached",
      "runs": 3,
      "errors": 0,
      "latency_ms": {
        "mean": 10940.35400232921,
        "median": 10941.634205984883,
        "stdev": 2.730666430973336,
        "min": 10937.218434992246,
        "max": 10942.209366010502,
        "p95": 10942.209366010502,
        "raw": [
          10937.218434992246,
          10942.209366010502,
          10941.634205984883
        ]
      },
      "throughput": {
        "mean": 23.39960942572398,
        "median": 23.396870630163498,
        "max": 23.406316836551458
      },
      "gpu_memory_mib": {
        "before": 20278.0,
        "after": 20278.0
      }
    },
    "steady": {
      "phase": "Steady-State (burst)",
      "phase_type": "steady",
      "runs": 10,
      "errors": 0,
      "latency_ms": {
        "mean": 11412.181559100281,
        "median": 10942.788579501212,
        "stdev": 1471.054741730257,
        "min": 10940.590362995863,
        "max": 15598.721383954398,
        "p95": 15598.721383954398,
        "raw": [
          10942.820827011019,
          10943.946877028793,
          10942.284739983734,
          10943.653171998449,
          10942.449072026648,
          10942.756331991404,
          10941.833172983024,
          10940.590362995863,
          10982.759651029482,
          15598.721383954398
        ]
      },
      "throughput": {
        "mean": 22.688030311588687,
        "median": 23.39440245439632,
        "max": 23.399102928290198
      },
      "gpu_memory_mib": {
        "before": 20278.0,
        "after": 20278.0
      }
    }
  },
  "timestamp": "2026-05-01T17:25:19.555479"
}