{"name": "vLLM (no TurboQuant)", "key": "vllm_no_turbo", "runs": 10, "errors": 0, "latency_ms": {"mean": 23279.977706208592, "median": 21852.565468027024, "stdev": 8463.042049461968, "min": 10945.744494965766, "max": 33920.61489901971, "p95": 33920.61489901971, "p99": 33920.61489901971}, "throughput_tokens_per_sec": {"mean": 13.007531443373832, "median": 11.466039056987007, "max": 23.3450138055753}, "gpu_memory_mib": {"before": 20278.0, "after": 20278.0}}