{"name": "Ollama (Q4_K_M)", "key": "ollama", "runs": 10, "errors": 0, "latency_ms": {"mean": 10931.261934002396, "median": 13951.780600502389, "stdev": 4106.764654798453, "min": 5383.246339973994, "max": 14057.342529995367, "p95": 14057.342529995367, "p99": 14057.342529995367}, "throughput_tokens_per_sec": {"mean": 27.723515252108022, "median": 19.09665450014172, "max": 48.846467760075875}, "gpu_memory_mib": {"before": 5452.0, "after": 5452.0}}