{
  "scenario": "vllm_turboquant",
  "port": 8000,
  "phases": {
    "cold": {
      "phase": "Cold Start",
      "phase_type": "cold",
      "runs": 5,
      "errors": 0,
      "latency_ms": {
        "mean": 5164.975572773255,
        "median": 5163.761386007536,
        "stdev": 12.446794915061549,
        "min": 5149.57124897046,
        "max": 5180.356010969263,
        "p95": 5180.356010969263,
        "raw": [
          5149.57124897046,
          5157.121147960424,
          5163.761386007536,
          5174.068069958594,
          5180.356010969263
        ]
      },
      "throughput": {
        "mean": 49.5648402700576,
        "median": 49.5762644443049,
        "max": 49.71287659165438
      },
      "gpu_memory_mib": {
        "before": 19876.0,
        "after": 19876.0
      }
    },
    "cached": {
      "phase": "Cache Hit (same prompt)",
      "phase_type": "cached",
      "runs": 3,
      "errors": 0,
      "latency_ms": {
        "mean": 5255.210682982579,
        "median": 5195.111128967255,
        "stdev": 110.31093826539978,
        "min": 5188.000314985402,
        "max": 5382.520604995079,
        "p95": 5382.520604995079,
        "raw": [
          5188.000314985402,
          5195.111128967255,
          5382.520604995079
        ]
      },
      "throughput": {
        "mean": 48.727698801346115,
        "median": 49.27709795707309,
        "max": 49.344638484417736
      },
      "gpu_memory_mib": {
        "before": 19876.0,
        "after": 19876.0
      }
    },
    "steady": {
      "phase": "Steady-State (burst)",
      "phase_type": "steady",
      "runs": 10,
      "errors": 0,
      "latency_ms": {
        "mean": 10808.522259199526,
        "median": 11110.620916995686,
        "stdev": 858.5016077088239,
        "min": 8376.760128012393,
        "max": 11116.329126001801,
        "p95": 11116.329126001801,
        "raw": [
          8376.760128012393,
          10844.64287100127,
          11077.872822992504,
          11114.404771011323,
          11110.465951962397,
          11110.519820009358,
          11110.722013982013,
          11111.700562003534,
          11111.80452501867,
          11116.329126001801
        ]
      },
      "throughput": {
        "mean": 23.85390647566578,
        "median": 23.041016513271316,
        "max": 30.560741394984024
      },
      "gpu_memory_mib": {
        "before": 19876.0,
        "after": 19876.0
      }
    }
  },
  "timestamp": "2026-05-01T16:58:14.580450"
}