{"name": "vLLM + TurboQuant", "key": "vllm_turboquant", "runs": 10, "errors": 0, "latency_ms": {"mean": 15312.391658814158, "median": 11555.10693253018, "stdev": 5306.19718888448, "min": 11134.274971031118, "max": 22395.224681007676, "p95": 22395.224681007676, "p99": 22395.224681007676}, "throughput_tokens_per_sec": {"mean": 18.55238940329643, "median": 21.57503489302891, "max": 23.81434213438071}, "gpu_memory_mib": {"before": 19876.0, "after": 19878.0}}