{
  "scenario": "ollama",
  "port": 11434,
  "phases": {
    "cold": {
      "phase": "Cold Start",
      "phase_type": "cold",
      "runs": 5,
      "errors": 0,
      "latency_ms": {
        "mean": 51285.57427980704,
        "median": 51964.367103006225,
        "stdev": 2170.089901164926,
        "min": 47498.36344399955,
        "max": 52758.01605300512,
        "p95": 52758.01605300512,
        "raw": [
          47498.36344399955,
          51590.17112501897,
          51964.367103006225,
          52616.953674005345,
          52758.01605300512
        ]
      },
      "throughput": {
        "mean": 4.999198567531881,
        "median": 4.926452765075435,
        "max": 5.389659378513606
      },
      "gpu_memory_mib": {
        "before": 5454.0,
        "after": 5454.0
      }
    },
    "cached": {
      "phase": "Cache Hit (same prompt)",
      "phase_type": "cached",
      "runs": 3,
      "errors": 0,
      "latency_ms": {
        "mean": 52022.76095736306,
        "median": 52310.02073403215,
        "stdev": 733.6731402973722,
        "min": 51188.92266403418,
        "max": 52569.339474022854,
        "p95": 52569.339474022854,
        "raw": [
          51188.92266403418,
          52569.339474022854,
          52310.02073403215
        ]
      },
      "throughput": {
        "mean": 4.921580179395718,
        "median": 4.893899799841793,
        "max": 5.001082005186798
      },
      "gpu_memory_mib": {
        "before": 5454.0,
        "after": 5454.0
      }
    },
    "steady": {
      "phase": "Steady-State (burst)",
      "phase_type": "steady",
      "runs": 10,
      "errors": 0,
      "latency_ms": {
        "mean": 52224.30538170738,
        "median": 52320.29718346894,
        "stdev": 460.9389631693592,
        "min": 51093.308128009085,
        "max": 52672.24789899774,
        "p95": 52672.24789899774,
        "raw": [
          51093.308128009085,
          52238.87984798057,
          52443.48362903111,
          52647.2190299537,
          52084.665655042045,
          52051.72010703245,
          52068.77675902797,
          52672.24789899774,
          52401.714518957306,
          52541.03824304184
        ]
      },
      "throughput": {
        "mean": 4.902280198135732,
        "median": 4.892950416938391,
        "max": 5.010440885108046
      },
      "gpu_memory_mib": {
        "before": 5454.0,
        "after": 5454.0
      }
    }
  },
  "timestamp": "2026-05-01T18:04:27.699957"
}