{
  "case": "ollama_tuned",
  "label": "Ollama + Tuned (GPU_layers/Flash/KV_q8_0)",
  "io_results": [
    {
      "io_key": "trans",
      "io_name": "Translation (400/400)",
      "cold": {
        "phase": "cold",
        "runs": 3,
        "errors": 0,
        "lat_mean_ms": 2730.898764666563,
        "lat_stdev_ms": 152.2654954464247,
        "tp_mean": 47.84353437331172,
        "gpu_mem_before": 6140.0,
        "gpu_mem_after": 6140.0
      },
      "cached": {
        "phase": "cached",
        "runs": 3,
        "errors": 0,
        "lat_mean_ms": 2650.4837893335207,
        "lat_stdev_ms": 77.03712900583794,
        "tp_mean": 47.66544933248424,
        "gpu_mem_before": 6140.0,
        "gpu_mem_after": 6140.0
      },
      "steady": {
        "phase": "steady",
        "runs": 3,
        "errors": 0,
        "lat_mean_ms": 2626.7406110000593,
        "lat_stdev_ms": 237.96635468465556,
        "tp_mean": 47.58248634675933,
        "gpu_mem_before": 6140.0,
        "gpu_mem_after": 6140.0
      }
    },
    {
      "io_key": "gen",
      "io_name": "Generation (200/2000)",
      "cold": {
        "phase": "cold",
        "runs": 3,
        "errors": 0,
        "lat_mean_ms": 6287.361537333102,
        "lat_stdev_ms": 7.9195667634059275,
        "tp_mean": 47.71481895865601,
        "gpu_mem_before": 6140.0,
        "gpu_mem_after": 6140.0
      },
      "cached": {
        "phase": "cached",
        "runs": 3,
        "errors": 0,
        "lat_mean_ms": 6321.275159666281,
        "lat_stdev_ms": 21.0934713569856,
        "tp_mean": 47.45913184797365,
        "gpu_mem_before": 6140.0,
        "gpu_mem_after": 6140.0
      },
      "steady": {
        "phase": "steady",
        "runs": 3,
        "errors": 0,
        "lat_mean_ms": 10886.116565666574,
        "lat_stdev_ms": 5247.714639398156,
        "tp_mean": 32.07899208540371,
        "gpu_mem_before": 6140.0,
        "gpu_mem_after": 6140.0
      }
    },
    {
      "io_key": "summ",
      "io_name": "Summarization (2000/200)",
      "cold": {
        "phase": "cold",
        "runs": 3,
        "errors": 0,
        "lat_mean_ms": 6148.720373333465,
        "lat_stdev_ms": 127.03219141342058,
        "tp_mean": 17.39337709089761,
        "gpu_mem_before": 6140.0,
        "gpu_mem_after": 6144.0
      },
      "cached": {
        "phase": "cached",
        "runs": 3,
        "errors": 0,
        "lat_mean_ms": 6294.823223333879,
        "lat_stdev_ms": 244.90606031950293,
        "tp_mean": 17.7923934278083,
        "gpu_mem_before": 6144.0,
        "gpu_mem_after": 6144.0
      },
      "steady": {
        "phase": "steady",
        "runs": 3,
        "errors": 0,
        "lat_mean_ms": 5759.26040600037,
        "lat_stdev_ms": 211.3928097184975,
        "tp_mean": 17.76835540743346,
        "gpu_mem_before": 6144.0,
        "gpu_mem_after": 6144.0
      }
    }
  ],
  "env": {
    "OLLAMA_GPU_LAYERS": "999",
    "OLLAMA_NUM_GPU": "999",
    "OLLAMA_CONTEXT_LENGTH": "16384",
    "OLLAMA_FLASH_ATTENTION": "1",
    "OLLAMA_KV_CACHE_TYPE": "q8_0",
    "OLLAMA_MAX_GPU_MEMORY": "12G"
  },
  "ts": "2026-05-02T16:00:20.223605"
}